{
  "abstract-only": {
    "faithfulness": 0.0,
    "answer_relevancy": 0.10414905091585093,
    "context_precision": 0.0,
    "context_recall": 0.0,
    "recall_at_5": 0.0
  },
  "full-pdf": {
    "faithfulness": 0.07569287889662912,
    "answer_relevancy": 0.07113021372122277,
    "context_precision": 0.05987069341150022,
    "context_recall": 0.05987069341150022,
    "recall_at_5": 0.06
  },
  "hybrid": {
    "faithfulness": 0.07916973847439933,
    "answer_relevancy": 0.07111535651744133,
    "context_precision": 0.05987069341150022,
    "context_recall": 0.05987069341150022,
    "recall_at_5": 0.06
  },
  "+rerank": {
    "faithfulness": 0.09050196154669438,
    "answer_relevancy": 0.06872431555914223,
    "context_precision": 0.06959276134707693,
    "context_recall": 0.06959276134707693,
    "recall_at_5": 0.06
  }
}